<?xml version="1.0" encoding="UTF-8" standalone="no"?>
<raConfiguration version="9">
  <generalSettings>
    <option key="#Board#" value="board.rzg3s_smarc"/>
    <option key="CPU" value="RZG3S"/>
    <option key="Core" value="CM33"/>
    <option key="#TargetName#" value="R9A08G045S33GBG"/>
    <option key="#TargetARCHITECTURE#" value="cortex-m33"/>
    <option key="#DeviceCommand#" value="R9A08G045S33GBG"/>
    <option key="#RTOS#" value="rtos.awsfreertos"/>
    <option key="#pinconfiguration#" value="R9A08G045S33GBG_CM33.pincfg"/>
    <option key="#FSPVersion#" value="2.0.1"/>
    <option key="#ConfigurationFragments#" value="Renesas##BSP##Board##rzg3s_smarc##"/>
    <option key="#SELECTED_TOOLCHAIN#" value="gcc-arm-embedded"/>
    <option key="#ToolchainVersion#" value="10.3.1.20210824"/>
  </generalSettings>
  <raBspConfiguration>
    <config id="config.bsp.rzg3s.R9A08G045S33GBG">
      <property id="config.bsp.part_number" value="config.bsp.part_number.value"/>
      <property id="config.bsp.rom_size_bytes" value="config.bsp.rom_size_bytes.value"/>
      <property id="config.bsp.ram_size_bytes" value="config.bsp.ram_size_bytes.value"/>
      <property id="config.bsp.package_style" value="config.bsp.package_style.value"/>
      <property id="config.bsp.package_pins" value="config.bsp.package_pins.value"/>
    </config>
    <config id="config.bsp.rzg3s.fsp.cm33">
      <property id="config.bsp.fsp.mcu.adc_c.min_adc.sampling_time" value="79"/>
      <property id="config.bsp.fsp.mcu.adc_c.max_adc.sampling_time" value="255"/>
      <property id="config.bsp.fsp.mcu.canfd.max_data_rate_hz" value="8"/>
      <property id="config.bsp.fsp.mcu.canfd.min_nominal_timeseg1" value="2"/>
      <property id="config.bsp.fsp.mcu.canfd.max_nominal_timeseg1" value="256"/>
      <property id="config.bsp.fsp.mcu.canfd.max_nominal_timeseg2" value="128"/>
      <property id="config.bsp.fsp.mcu.canfd.max_nominal_sync_jump_width" value="128"/>
      <property id="config.bsp.fsp.mcu.canfd.max_data_prescaler" value="1024"/>
      <property id="config.bsp.fsp.mcu.canfd.max_data_timeseg1" value="32"/>
      <property id="config.bsp.fsp.mcu.canfd.max_data_timeseg2" value="16"/>
      <property id="config.bsp.fsp.mcu.canfd.max_data_sync_jump_width" value="16"/>
      <property id="config.bsp.fsp.mcu.canfd.max_rxmb_number" value="32"/>
      <property id="config.bsp.fsp.mcu.canfd.afl_rules" value="128"/>
      <property id="config.bsp.fsp.mcu.canfd.afl_rules_each_chnl" value="64"/>
      <property id="config.bsp.fsp.mcu.spi.max_bitrate" value="25000000"/>
    </config>
    <config id="config.bsp.rz">
      <property id="config.bsp.common.secure_stack" value="0x200"/>
      <property id="config.bsp.common.main" value="0x400"/>
      <property id="config.bsp.common.heap" value="0"/>
      <property id="config.bsp.common.vcc" value="3300"/>
      <property id="config.bsp.common.checking" value="config.bsp.common.checking.disabled"/>
      <property id="config.bsp.common.assert" value="config.bsp.common.assert.none"/>
      <property id="config.bsp.common.error_log" value="config.bsp.common.error_log.none"/>
      <property id="config.bsp.common.pfs_protect" value="config.bsp.common.pfs_protect.enabled"/>
      <property id="config.bsp.common.c_runtime_init" value="config.bsp.common.c_runtime_init.enabled"/>
    </config>
  </raBspConfiguration>
  <raClockConfiguration>
    <node id="board.clock.osc.freq" option="board.clock.osc.freq.value"/>
    <node id="board.clock.pll1" mul="1100000000" option="_edit"/>
    <node id="board.clock.dummy1" option="board.clock.dummy1.freq"/>
    <node id="board.clock.iclk.div" option="board.clock.iclk.div.1"/>
    <node id="board.clock.iclk.display" option="board.clock.iclk.display.value"/>
    <node id="board.clock.pll2_1600" mul="1600000000" option="_edit"/>
    <node id="board.clock.dummy2" option="board.clock.dummy2.freq"/>
    <node id="board.clock.pll2_1600.div1" option="board.clock.pll2_1600.div1.2"/>
    <node id="board.clock.pll2_1600.div2" option="board.clock.pll2_1600.div2.8"/>
    <node id="board.clock.p0clk.div" option="board.clock.p0clk.div.1"/>
    <node id="board.clock.p0clk.display" option="board.clock.p0clk.display.value"/>
    <node id="board.clock.pll2_1600.div3" option="board.clock.pll2_1600.div3.5"/>
    <node id="board.clock.p4clk.display" option="board.clock.p4clk.display.value"/>
    <node id="board.clock.pll2_1600.div4" option="board.clock.pll2_1600.div4.4"/>
    <node id="board.clock.p5clk.display" option="board.clock.p5clk.display.value"/>
    <node id="board.clock.pll2_1600.div5" option="board.clock.pll2_1600.div5.8"/>
    <node id="board.clock.tsuclk.display" option="board.clock.tsuclk.display.value"/>
    <node id="board.clock.pll2_1600.div6" option="board.clock.pll2_1600.div6.6"/>
    <node id="board.clock.sd0clk.sel" option="board.clock.sd0clk.sel.266"/>
    <node id="board.clock.sd0clk.div" option="board.clock.sd0clk.div.2"/>
    <node id="board.clock.sd0clk.display" option="board.clock.sd0clk.display.value"/>
    <node id="board.clock.sd1clk.sel" option="board.clock.sd1clk.sel.266"/>
    <node id="board.clock.sd1clk.div" option="board.clock.sd1clk.div.2"/>
    <node id="board.clock.sd1clk.display" option="board.clock.sd1clk.display.value"/>
    <node id="board.clock.sd2clk.sel" option="board.clock.sd2clk.sel.266"/>
    <node id="board.clock.sd2clk.div" option="board.clock.sd2clk.div.2"/>
    <node id="board.clock.sd2clk.display" option="board.clock.sd2clk.display.value"/>
    <node id="board.clock.pll3" mul="1600000000" option="_edit"/>
    <node id="board.clock.dummy3" option="board.clock.dummy3.freq"/>
    <node id="board.clock.pll3.div1" option="board.clock.pll3.div1.2"/>
    <node id="board.clock.pll3.div2" option="board.clock.pll3.div2.4"/>
    <node id="board.clock.m0clk.display" option="board.clock.m0clk.display.value"/>
    <node id="board.clock.pll3.div3" option="board.clock.pll3.div3.4"/>
    <node id="board.clock.p1clk.div" option="board.clock.p1clk.div.1"/>
    <node id="board.clock.p1clk.display" option="board.clock.p1clk.display.value"/>
    <node id="board.clock.pll3.div4" option="board.clock.pll3.div4.8"/>
    <node id="board.clock.p2clk.div" option="board.clock.p2clk.div.1"/>
    <node id="board.clock.p2clk.display" option="board.clock.p2clk.display.value"/>
    <node id="board.clock.pll3.div5" option="board.clock.pll3.div5.4"/>
    <node id="board.clock.p3clk.div" option="board.clock.p3clk.div.1"/>
    <node id="board.clock.p3clk.display" option="board.clock.p3clk.display.value"/>
    <node id="board.clock.pll3.div6" option="board.clock.pll3.div6.2"/>
    <node id="board.clock.atclk.display" option="board.clock.atclk.display.value"/>
    <node id="board.clock.pll3.div7" option="board.clock.pll3.div7.8"/>
    <node id="board.clock.ztclk.display" option="board.clock.ztclk.display.value"/>
    <node id="board.clock.pll3.div8" option="board.clock.pll3.div8.2"/>
    <node id="board.clock.occlk.sel" option="board.clock.occlk.sel.266"/>
    <node id="board.clock.occlk.div" option="board.clock.occlk.div.8"/>
    <node id="board.clock.oc0clk.display" option="board.clock.oc0clk.display.value"/>
    <node id="board.clock.pll3.div9" option="board.clock.pll3.div9.6"/>
    <node id="board.clock.oc1clk.div" option="board.clock.oc1clk.div.2"/>
    <node id="board.clock.oc1clk.display" option="board.clock.oc1clk.display.value"/>
    <node id="board.clock.spiclk.sel" option="board.clock.spiclk.sel.266"/>
    <node id="board.clock.spiclk.div" option="board.clock.spiclk.div.8"/>
    <node id="board.clock.spi0clk.display" option="board.clock.spi0clk.display.value"/>
    <node id="board.clock.spi1clk.div" option="board.clock.spi1clk.div.2"/>
    <node id="board.clock.spi1clk.display" option="board.clock.spi1clk.display.value"/>
    <node id="board.clock.osc.div1" option="board.clock.osc.div1.1000"/>
    <node id="board.clock.pll4" option="board.clock.pll4.800"/>
    <node id="board.clock.sel_pll4.sel" option="board.clock.sel_pll4.sel.0024"/>
    <node id="board.clock.sel_pll4.div" option="board.clock.sel_pll4.div.2"/>
    <node id="board.clock.s0clk.display" option="board.clock.s0clk.display.value"/>
    <node id="board.clock.pll6" mul="500000000" option="_edit"/>
    <node id="board.clock.dummy6" option="board.clock.dummy6.freq"/>
    <node id="board.clock.pll6.div1" option="board.clock.pll6.div1.2"/>
    <node id="board.clock.i2clk.div" option="board.clock.i2clk.div.1"/>
    <node id="board.clock.i2clk.display" option="board.clock.i2clk.display.value"/>
    <node id="board.clock.i3clk.div" option="board.clock.i3clk.div.1"/>
    <node id="board.clock.i3clk.display" option="board.clock.i3clk.display.value"/>
    <node id="board.clock.hpclk.display" option="board.clock.hpclk.display.value"/>
    <node id="board.clock.osc.div2" option="board.clock.osc.div2.3"/>
    <node id="board.clock.osc2.display" option="board.clock.osc2.display.value"/>
  </raClockConfiguration>
  <raComponentSelection>
    <component apiversion="" class="BSP" condition="" group="rzg3s" subgroup="device" variant="R9A08G045S33GBG" vendor="Renesas" version="2.0.1">
      <description>Board support package for R9A08G045S33GBG</description>
      <originalPack>Renesas.RZG_mcu_rzg3s.2.0.1.pack</originalPack>
    </component>
    <component apiversion="" class="BSP" condition="" group="rzg3s" subgroup="device" variant="" vendor="Renesas" version="2.0.1">
      <description>Board support package for RZG3S</description>
      <originalPack>Renesas.RZG_mcu_rzg3s.2.0.1.pack</originalPack>
    </component>
    <component apiversion="" class="BSP" condition="" group="rzg3s" subgroup="fsp" variant="" vendor="Renesas" version="2.0.1">
      <description>Board support package for RZ/G3S - FSP Data</description>
      <originalPack>Renesas.RZG_mcu_rzg3s.2.0.1.pack</originalPack>
    </component>
    <component apiversion="" class="Middleware" condition="" group="OpenAMP" subgroup="all" variant="" vendor="Linaro" version="1.0.0+fsp.2.0.1">
      <description>OpenAMP</description>
      <originalPack>Linaro.OpenAMP.1.0.0+fsp.2.0.1.pack</originalPack>
    </component>
    <component apiversion="" class="Middleware" condition="" group="OpenAMP" subgroup="libmetal" variant="" vendor="Linaro" version="1.0.0+fsp.2.0.1">
      <description>libmetal</description>
      <originalPack>Linaro.OpenAMP.1.0.0+fsp.2.0.1.pack</originalPack>
    </component>
    <component apiversion="" class="Middleware" condition="" group="OpenAMP" subgroup="open-amp" variant="" vendor="Linaro" version="1.0.0+fsp.2.0.1">
      <description>open-amp</description>
      <originalPack>Linaro.OpenAMP.1.0.0+fsp.2.0.1.pack</originalPack>
    </component>
    <component apiversion="" class="RTOS" condition="" group="FreeRTOS" subgroup="all" variant="" vendor="AWS" version="10.4.6+fsp.2.0.1">
      <description>FreeRTOS</description>
      <originalPack>Amazon.FreeRTOS-Kernel.10.4.6+fsp.2.0.1.pack</originalPack>
    </component>
    <component apiversion="" class="Heaps" condition="" group="FreeRTOS" subgroup="heap_4" variant="" vendor="AWS" version="10.4.6+fsp.2.0.1">
      <description>FreeRTOS - Memory Management - Heap 4</description>
      <originalPack>Amazon.FreeRTOS-Kernel.10.4.6+fsp.2.0.1.pack</originalPack>
    </component>
    <component apiversion="" class="Middleware" condition="" group="all" subgroup="rm_freertos_port" variant="" vendor="Renesas" version="2.0.1">
      <description>FreeRTOS Port</description>
      <originalPack>Renesas.RZG.2.0.1.pack</originalPack>
    </component>
    <component apiversion="" class="Common" condition="" group="all" subgroup="fsp_common" variant="" vendor="Renesas" version="2.0.1">
      <description>Board Support Package Common Files</description>
      <originalPack>Renesas.RZG.2.0.1.pack</originalPack>
    </component>
    <component apiversion="" class="HAL Drivers" condition="" group="all" subgroup="r_gtm" variant="" vendor="Renesas" version="2.0.1">
      <description>General Timer</description>
      <originalPack>Renesas.RZG.2.0.1.pack</originalPack>
    </component>
    <component apiversion="" class="HAL Drivers" condition="" group="all" subgroup="r_ioport" variant="" vendor="Renesas" version="2.0.1">
      <description>I/O Port</description>
      <originalPack>Renesas.RZG.2.0.1.pack</originalPack>
    </component>
    <component apiversion="" class="HAL Drivers" condition="" group="all" subgroup="r_mhu_ns" variant="" vendor="Renesas" version="2.0.1">
      <description>Message Handler Unit (NonSecure)</description>
      <originalPack>Renesas.RZG.2.0.1.pack</originalPack>
    </component>
    <component apiversion="" class="HAL Drivers" condition="" group="all" subgroup="r_scif_uart" variant="" vendor="Renesas" version="2.0.1">
      <description>SCIF UART</description>
      <originalPack>Renesas.RZG.2.0.1.pack</originalPack>
    </component>
    <component apiversion="" class="CMSIS" condition="" group="CMSIS5" subgroup="CoreM" variant="" vendor="Arm" version="5.9.0+fsp.2.0.1">
      <description>Arm CMSIS Version 5 - Core (M)</description>
      <originalPack>Arm.CMSIS5.5.9.0+fsp.2.0.1.pack</originalPack>
    </component>
    <component apiversion="" class="BSP" condition="" group="Board" subgroup="rzg3s_smarc" variant="" vendor="Renesas" version="2.0.1">
      <description>Evaluation Kit RZ/G3S Support Files (RZ/G3S)</description>
      <originalPack>Renesas.RZG_board_rzg3s_smarc.2.0.1.pack</originalPack>
    </component>
  </raComponentSelection>
  <raElcConfiguration/>
  <raIcuConfiguration/>
  <raModuleConfiguration>
    <module id="module.driver.ioport_on_ioport.0">
      <property id="module.driver.ioport.name" value="g_ioport"/>
      <property id="module.driver.ioport.pincfg" value="g_bsp_pin_cfg"/>
    </module>
    <module id="module.driver.timer_on_gtm.2">
      <property id="module.driver.timer.name" value="g_timer2"/>
      <property id="module.driver.timer.channel" value="enum.mcu.gtm.channels.2"/>
      <property id="module.driver.timer.mode" value="module.driver.timer.mode.mode_periodic"/>
      <property id="module.driver.timer.period" value="1000"/>
      <property id="module.driver.timer.unit" value="module.driver.timer.unit.unit_frequency_hz"/>
      <property id="module.driver.timer.count_source" value="module.driver.timer.count_source.clock_p0clk"/>
      <property id="module.driver.timer.p_callback" value="NULL"/>
      <property id="module.driver.timer.ipl" value="255"/>
      <property id="module.driver.timer.int.generateatstart" value="module.driver.timer.int.generateatstart.0"/>
      <property id="module.driver.timer.direction" value="module.driver.timer.direction.0"/>
    </module>
    <module id="module.freertos.heap.4.4"/>
    <module id="module.middleware.rm_freertos_port.0"/>
    <module id="module.driver.mhu_ns.215936841">
      <property id="module.driver.mhu_ns.name" value="g_mhu_ns0"/>
      <property id="module.driver.mhu_ns.channel" value="enum.mcu.mhu.channels.1"/>
      <property id="module.driver.mhu_ns.p_callback" value="NULL"/>
      <property id="module.driver.mhu_ns.is_use_openamp" value="module.driver.mhu_ns.is_use_openamp.1"/>
      <property id="module.driver.mhu_ns.ipl" value="12"/>
      <property id="module.driver.mhu_ns.shmem" value="0"/>
    </module>
    <module id="module.driver.uart_on_scif_uart.1474838359">
      <property id="module.driver.uart.name" value="g_uart1"/>
      <property id="module.driver.uart.channel" value="1"/>
      <property id="module.driver.uart.data_bits" value="module.driver.uart.data_bits.data_bits_8"/>
      <property id="module.driver.uart.parity" value="module.driver.uart.parity.parity_off"/>
      <property id="module.driver.uart.stop_bits" value="module.driver.uart.stop_bits.stop_bits_1"/>
      <property id="module.driver.uart.baud" value="115200"/>
      <property id="module.driver.uart.baudrate_modulation" value="module.driver.uart.baudrate_modulation.disabled"/>
      <property id="module.driver.uart.baudrate_max_err" value="5"/>
      <property id="module.driver.uart.uart_comm_mode" value="module.driver.uart.uart_comm_mode.uart_rs232_mode"/>
      <property id="module.driver.uart.pin_polarity" value="module.driver.uart.pin_polarity.high"/>
      <property id="module.driver.uart.pin_control_port" value="module.driver.uart.pin_control_port.PORT_DISABLE"/>
      <property id="module.driver.uart.pin_control_pin" value="module.driver.uart.pin_control_pin.PIN_DISABLE"/>
      <property id="module.driver.uart.autoflow" value="module.driver.uart.autoflow.disable"/>
      <property id="module.driver.uart.clk_src" value="module.driver.uart.clk_src.int_clk"/>
      <property id="module.driver.uart.noisecancel_en" value="module.driver.uart.noisecancel_en.disabled"/>
      <property id="module.driver.uart.rx_fifo_trigger" value="module.driver.uart.rx_fifo_trigger.max"/>
      <property id="module.driver.uart.rts_fifo_trigger" value="module.driver.uart.rts_fifo_trigger.14"/>
      <property id="module.driver.uart.callback" value="NULL"/>
      <property id="module.driver.uart.eri_ipl" value="14"/>
      <property id="module.driver.uart.bri_ipl" value="14"/>
      <property id="module.driver.uart.rxi_ipl" value="14"/>
      <property id="module.driver.uart.txi_ipl" value="14"/>
    </module>
    <module id="module.driver.openamp.1115481664"/>
    <module id="module.driver.openamp.open-amp.360561948"/>
    <module id="module.driver.openamp.libmetal.306357985"/>
    <context id="_hal.0">
      <stack module="module.driver.ioport_on_ioport.0"/>
      <stack module="module.middleware.rm_freertos_port.0">
        <stack module="module.driver.timer_on_gtm.2" requires="module.middleware.rm_freertos_port.requires.gtm.ticker"/>
      </stack>
      <stack module="module.freertos.heap.4.4"/>
      <stack module="module.driver.mhu_ns.215936841"/>
      <stack module="module.driver.uart_on_scif_uart.1474838359"/>
      <stack module="module.driver.openamp.1115481664">
        <stack module="module.driver.openamp.open-amp.360561948" requires="module.driver.openamp.requires.open-amp"/>
        <stack module="module.driver.openamp.libmetal.306357985" requires="module.driver.openamp.requires.libmetal"/>
      </stack>
    </context>
    <context id="rtos.awsfreertos.thread.0">
      <property id="_symbol" value="blinky_thread"/>
      <property id="rtos.awsfreertos.thread.name" value="Blinky Thread"/>
      <property id="rtos.awsfreertos.thread.stack" value="512"/>
      <property id="rtos.awsfreertos.thread.priority" value="1"/>
      <property id="rtos.awsfreertos.thread.context" value="NULL"/>
      <property id="rtos.awsfreertos.thread.allocation" value="rtos.awsfreertos.thread.allocation.dynamic"/>
      <property id="rtos.awsfreertos.thread.secure_context" value="rtos.awsfreertos.thread.secure_context.enable"/>
    </context>
    <context id="rtos.awsfreertos.thread.1768633191">
      <property id="_symbol" value="MainTask"/>
      <property id="rtos.awsfreertos.thread.name" value="MainTask#0"/>
      <property id="rtos.awsfreertos.thread.stack" value="4096"/>
      <property id="rtos.awsfreertos.thread.priority" value="1"/>
      <property id="rtos.awsfreertos.thread.context" value="0"/>
      <property id="rtos.awsfreertos.thread.allocation" value="rtos.awsfreertos.thread.allocation.dynamic"/>
      <property id="rtos.awsfreertos.thread.secure_context" value="rtos.awsfreertos.thread.secure_context.enable"/>
    </context>
    <config id="config.driver.gtm">
      <property id="config.driver.gtm.param_checking_enable" value="config.driver.gtm.param_checking_enable.bsp"/>
    </config>
    <config id="config.driver.scif_uart">
      <property id="config.driver.scif_uart.param_checking_enable" value="config.driver.scif_uart.param_checking_enable.bsp"/>
      <property id="config.driver.scif_uart.dmac_enable" value="config.driver.scif_uart.dmac_enable.disabled"/>
      <property id="config.driver.scif_uart.flow_control" value="config.driver.scif_uart.flow_control.disabled"/>
    </config>
    <config id="config.driver.mhu_ns">
      <property id="config.driver.mhu_ns.param_checking_enable" value="config.driver.mhu_ns.param_checking_enable.bsp"/>
    </config>
    <config id="config.awsfreertos.thread">
      <property id="config.awsfreertos.custom_freertosconfig" value=""/>
      <property id="config.awsfreertos.thread.configenable_mpu" value="config.awsfreertos.thread.configenable_mpu.disabled"/>
      <property id="config.awsfreertos.thread.configenable_trustzone" value="config.awsfreertos.thread.configenable_trustzone.disabled"/>
      <property id="config.awsfreertos.thread.configuse_preemption" value="config.awsfreertos.thread.configuse_preemption.enabled"/>
      <property id="config.awsfreertos.thread.configuse_port_optimised_task_selection" value="config.awsfreertos.thread.configuse_port_optimised_task_selection.disabled"/>
      <property id="config.awsfreertos.thread.configuse_tickless_idle" value="config.awsfreertos.thread.configuse_tickless_idle.disabled"/>
      <property id="config.awsfreertos.thread.configuse_idle_hook" value="config.awsfreertos.thread.configuse_idle_hook.enabled"/>
      <property id="config.awsfreertos.thread.configuse_malloc_failed_hook" value="config.awsfreertos.thread.configuse_malloc_failed_hook.disabled"/>
      <property id="config.awsfreertos.thread.configuse_daemon_task_startup_hook" value="config.awsfreertos.thread.configuse_daemon_task_startup_hook.disabled"/>
      <property id="config.awsfreertos.thread.configuse_tick_hook" value="config.awsfreertos.thread.configuse_tick_hook.disabled"/>
      <property id="config.awsfreertos.thread.configcpu_clock_hz" value="SystemCoreClock"/>
      <property id="config.awsfreertos.thread.configtick_rate_hz" value="1000"/>
      <property id="config.awsfreertos.thread.configmax_priorities" value="5"/>
      <property id="config.awsfreertos.thread.configminimal_stack_size" value="128"/>
      <property id="config.awsfreertos.thread.configmax_task_name_len" value="16"/>
      <property id="config.awsfreertos.thread.configuse_trace_facility" value="config.awsfreertos.thread.configuse_trace_facility.disabled"/>
      <property id="config.awsfreertos.thread.configuse_stats_formatting_functions" value="config.awsfreertos.thread.configuse_stats_formatting_functions.disabled"/>
      <property id="config.awsfreertos.thread.configuse_16_bit_ticks" value="config.awsfreertos.thread.configuse_16_bit_ticks.disabled"/>
      <property id="config.awsfreertos.thread.configidle_should_yield" value="config.awsfreertos.thread.configidle_should_yield.enabled"/>
      <property id="config.awsfreertos.thread.configuse_task_notifications" value="config.awsfreertos.thread.configuse_task_notifications.enabled"/>
      <property id="config.awsfreertos.thread.configuse_mutexes" value="config.awsfreertos.thread.configuse_mutexes.disabled"/>
      <property id="config.awsfreertos.thread.configuse_recursive_mutexes" value="config.awsfreertos.thread.configuse_recursive_mutexes.disabled"/>
      <property id="config.awsfreertos.thread.configuse_counting_semaphores" value="config.awsfreertos.thread.configuse_counting_semaphores.enabled"/>
      <property id="config.awsfreertos.thread.configcheck_for_stack_overflow" value="config.awsfreertos.thread.configcheck_for_stack_overflow.disabled"/>
      <property id="config.awsfreertos.thread.configqueue_registry_size" value="10"/>
      <property id="config.awsfreertos.thread.configuse_queue_sets" value="config.awsfreertos.thread.configuse_queue_sets.disabled"/>
      <property id="config.awsfreertos.thread.configuse_time_slicing" value="config.awsfreertos.thread.configuse_time_slicing.disabled"/>
      <property id="config.awsfreertos.thread.configuse_newlib_reentrant" value="config.awsfreertos.thread.configuse_newlib_reentrant.disabled"/>
      <property id="config.awsfreertos.thread.configenable_backward_compatibility" value="config.awsfreertos.thread.configenable_backward_compatibility.disabled"/>
      <property id="config.awsfreertos.thread.confignum_thread_local_storage_pointers" value="5"/>
      <property id="config.awsfreertos.thread.configstack_depth_type" value="uint32_t"/>
      <property id="config.awsfreertos.thread.configmessage_buffer_length_type" value="size_t"/>
      <property id="config.awsfreertos.thread.configsupport_static_allocation" value="config.awsfreertos.thread.configsupport_static_allocation.enabled"/>
      <property id="config.awsfreertos.thread.configsupport_dynamic_allocation" value="config.awsfreertos.thread.configsupport_dynamic_allocation.enabled"/>
      <property id="config.awsfreertos.thread.configtotal_heap_size" value="40960"/>
      <property id="config.awsfreertos.thread.configapplication_allocated_heap" value="config.awsfreertos.thread.configapplication_allocated_heap.enabled"/>
      <property id="config.awsfreertos.thread.configgenerate_run_time_stats" value="config.awsfreertos.thread.configgenerate_run_time_stats.disabled"/>
      <property id="config.awsfreertos.thread.configuse_timers" value="config.awsfreertos.thread.configuse_timers.enabled"/>
      <property id="config.awsfreertos.thread.configtimer_task_priority" value="3"/>
      <property id="config.awsfreertos.thread.configtimer_queue_length" value="10"/>
      <property id="config.awsfreertos.thread.configtimer_task_stack_depth" value="128"/>
      <property id="config.awsfreertos.thread.configlibrary_max_syscall_interrupt_priority" value="board.icu.common.irq.priority1"/>
      <property id="config.awsfreertos.thread.configassert" value="assert(x)"/>
      <property id="config.awsfreertos.thread.configinclude_application_defined_privileged_functions" value="config.awsfreertos.thread.configinclude_application_defined_privileged_functions.disabled"/>
      <property id="config.awsfreertos.thread.include_vtaskpriorityset" value="config.awsfreertos.thread.include_vtaskpriorityset.enabled"/>
      <property id="config.awsfreertos.thread.include_uxtaskpriorityget" value="config.awsfreertos.thread.include_uxtaskpriorityget.enabled"/>
      <property id="config.awsfreertos.thread.include_vtaskdelete" value="config.awsfreertos.thread.include_vtaskdelete.enabled"/>
      <property id="config.awsfreertos.thread.include_vtasksuspend" value="config.awsfreertos.thread.include_vtasksuspend.enabled"/>
      <property id="config.awsfreertos.thread.include_xresumefromisr" value="config.awsfreertos.thread.include_xresumefromisr.enabled"/>
      <property id="config.awsfreertos.thread.include_vtaskdelayuntil" value="config.awsfreertos.thread.include_vtaskdelayuntil.enabled"/>
      <property id="config.awsfreertos.thread.include_vtaskdelay" value="config.awsfreertos.thread.include_vtaskdelay.enabled"/>
      <property id="config.awsfreertos.thread.include_xtaskgetschedulerstate" value="config.awsfreertos.thread.include_xtaskgetschedulerstate.enabled"/>
      <property id="config.awsfreertos.thread.include_xtaskgetcurrenttaskhandle" value="config.awsfreertos.thread.include_xtaskgetcurrenttaskhandle.enabled"/>
      <property id="config.awsfreertos.thread.include_uxtaskgetstackhighwatermark" value="config.awsfreertos.thread.include_uxtaskgetstackhighwatermark.disabled"/>
      <property id="config.awsfreertos.thread.include_xtaskgetidletaskhandle" value="config.awsfreertos.thread.include_xtaskgetidletaskhandle.disabled"/>
      <property id="config.awsfreertos.thread.include_etaskgetstate" value="config.awsfreertos.thread.include_etaskgetstate.disabled"/>
      <property id="config.awsfreertos.thread.include_xeventgroupsetbitfromisr" value="config.awsfreertos.thread.include_xeventgroupsetbitfromisr.enabled"/>
      <property id="config.awsfreertos.thread.include_xtimerpendfunctioncall" value="config.awsfreertos.thread.include_xtimerpendfunctioncall.disabled"/>
      <property id="config.awsfreertos.thread.include_xtaskabortdelay" value="config.awsfreertos.thread.include_xtaskabortdelay.disabled"/>
      <property id="config.awsfreertos.thread.include_xtaskgethandle" value="config.awsfreertos.thread.include_xtaskgethandle.disabled"/>
      <property id="config.awsfreertos.thread.include_xtaskresumefromisr" value="config.awsfreertos.thread.include_xtaskresumefromisr.enabled"/>
      <property id="config.awsfreertos.thread.print_function" value=""/>
      <property id="config.awsfreertos.thread.max_length" value="192"/>
      <property id="config.awsfreertos.thread.include_time_and_task" value="config.awsfreertos.thread.include_time_and_task.disabled"/>
    </config>
    <config id="config.driver.ioport">
      <property id="config.driver.ioport.checking" value="config.driver.ioport.checking.system"/>
    </config>
  </raModuleConfiguration>
  <raPinConfiguration>
    <pincfg active="true" name="RZG3S-SMARC.pincfg" selected="true" symbol="g_bsp_pin_cfg">
      <configSetting altId="adc.adc_ch0.adc_ch0" configurationId="adc.adc_ch0"/>
      <configSetting altId="adc.adc_ch1.adc_ch1" configurationId="adc.adc_ch1"/>
      <configSetting altId="adc.adc_ch2.adc_ch2" configurationId="adc.adc_ch2"/>
      <configSetting altId="adc.adc_ch3.adc_ch3" configurationId="adc.adc_ch3"/>
      <configSetting altId="adc.adc_ch4.adc_ch4" configurationId="adc.adc_ch4"/>
      <configSetting altId="adc.adc_ch5.adc_ch5" configurationId="adc.adc_ch5"/>
      <configSetting altId="adc.adc_ch6.adc_ch6" configurationId="adc.adc_ch6"/>
      <configSetting altId="adc.adc_ch7.adc_ch7" configurationId="adc.adc_ch7"/>
      <configSetting altId="adc.adc_trg.p18_0" configurationId="adc.adc_trg"/>
      <configSetting altId="adc.mode.custom.free" configurationId="adc.mode"/>
      <configSetting altId="adc_ch0.adc.adc_ch0" configurationId="adc_ch0"/>
      <configSetting altId="adc_ch1.adc.adc_ch1" configurationId="adc_ch1"/>
      <configSetting altId="adc_ch2.adc.adc_ch2" configurationId="adc_ch2"/>
      <configSetting altId="adc_ch3.adc.adc_ch3" configurationId="adc_ch3"/>
      <configSetting altId="adc_ch4.adc.adc_ch4" configurationId="adc_ch4"/>
      <configSetting altId="adc_ch5.adc.adc_ch5" configurationId="adc_ch5"/>
      <configSetting altId="adc_ch6.adc.adc_ch6" configurationId="adc_ch6"/>
      <configSetting altId="adc_ch7.adc.adc_ch7" configurationId="adc_ch7"/>
      <configSetting altId="canfd0.can0_rx.p6_2" configurationId="canfd0.can0_rx"/>
      <configSetting altId="canfd0.can0_tx.p6_1" configurationId="canfd0.can0_tx"/>
      <configSetting altId="canfd0.mode.custom.free" configurationId="canfd0.mode"/>
      <configSetting altId="canfd1.can1_rx.p17_1" configurationId="canfd1.can1_rx"/>
      <configSetting altId="canfd1.can1_rx_datarate_en.p16_0" configurationId="canfd1.can1_rx_datarate_en"/>
      <configSetting altId="canfd1.can1_tx.p17_0" configurationId="canfd1.can1_tx"/>
      <configSetting altId="canfd1.can1_tx_datarate_en.p14_2" configurationId="canfd1.can1_tx_datarate_en"/>
      <configSetting altId="canfd1.mode.custom.free" configurationId="canfd1.mode"/>
      <configSetting altId="gpt0.gtioc0a.p13_0" configurationId="gpt0.gtioc0a"/>
      <configSetting altId="gpt0.gtioc0b.p13_1" configurationId="gpt0.gtioc0b"/>
      <configSetting altId="gpt0.mode.custom.free" configurationId="gpt0.mode"/>
      <configSetting altId="gpt4.gtioc4b.p0_1" configurationId="gpt4.gtioc4b"/>
      <configSetting altId="gpt4.mode.custom.free" configurationId="gpt4.mode"/>
      <configSetting altId="irq.irq1.p0_3" configurationId="irq.irq1"/>
      <configSetting altId="irq.mode.custom.free" configurationId="irq.mode"/>
      <configSetting altId="p0_1.gpt4.gtioc4b" configurationId="p0_1"/>
      <configSetting altId="p0_1.gpio_mode.gpio_mode_peripheral" configurationId="p0_1.gpio_mode"/>
      <configSetting altId="p0_3.irq.irq1" configurationId="p0_3"/>
      <configSetting altId="p0_3.gpio_mode.gpio_mode_peripheral" configurationId="p0_3.gpio_mode"/>
      <configSetting altId="p13_0.gpt0.gtioc0a" configurationId="p13_0"/>
      <configSetting altId="p13_0.gpio_mode.gpio_mode_peripheral" configurationId="p13_0.gpio_mode"/>
      <configSetting altId="p13_1.gpt0.gtioc0b" configurationId="p13_1"/>
      <configSetting altId="p13_1.gpio_mode.gpio_mode_peripheral" configurationId="p13_1.gpio_mode"/>
      <configSetting altId="p13_4.rspi3.rspi3_ck" configurationId="p13_4"/>
      <configSetting altId="p13_4.gpio_mode.gpio_mode_peripheral" configurationId="p13_4.gpio_mode"/>
      <configSetting altId="p14_0.scif1.scif1_txd" configurationId="p14_0"/>
      <configSetting altId="p14_0.gpio_mode.gpio_mode_peripheral" configurationId="p14_0.gpio_mode"/>
      <configSetting altId="p14_1.scif1.scif1_rxd" configurationId="p14_1"/>
      <configSetting altId="p14_1.gpio_mode.gpio_mode_peripheral" configurationId="p14_1.gpio_mode"/>
      <configSetting altId="p14_2.canfd1.can1_tx_datarate_en" configurationId="p14_2"/>
      <configSetting altId="p14_2.gpio_mode.gpio_mode_peripheral" configurationId="p14_2.gpio_mode"/>
      <configSetting altId="p15_0.rspi0.rspi0_ck" configurationId="p15_0"/>
      <configSetting altId="p15_0.gpio_mode.gpio_mode_peripheral" configurationId="p15_0.gpio_mode"/>
      <configSetting altId="p15_1.rspi0.rspi0_mosi" configurationId="p15_1"/>
      <configSetting altId="p15_1.gpio_mode.gpio_mode_peripheral" configurationId="p15_1.gpio_mode"/>
      <configSetting altId="p15_2.rspi0.rspi0_miso" configurationId="p15_2"/>
      <configSetting altId="p15_2.gpio_mode.gpio_mode_peripheral" configurationId="p15_2.gpio_mode"/>
      <configSetting altId="p15_3.rspi0.rspi0_ssl" configurationId="p15_3"/>
      <configSetting altId="p15_3.gpio_mode.gpio_mode_peripheral" configurationId="p15_3.gpio_mode"/>
      <configSetting altId="p16_0.canfd1.can1_rx_datarate_en" configurationId="p16_0"/>
      <configSetting altId="p16_0.gpio_mode.gpio_mode_peripheral" configurationId="p16_0.gpio_mode"/>
      <configSetting altId="p17_0.canfd1.can1_tx" configurationId="p17_0"/>
      <configSetting altId="p17_0.gpio_mode.gpio_mode_peripheral" configurationId="p17_0.gpio_mode"/>
      <configSetting altId="p17_1.canfd1.can1_rx" configurationId="p17_1"/>
      <configSetting altId="p17_1.gpio_mode.gpio_mode_peripheral" configurationId="p17_1.gpio_mode"/>
      <configSetting altId="p18_0.adc.adc_trg" configurationId="p18_0"/>
      <configSetting altId="p18_0.gpio_mode.gpio_mode_an" configurationId="p18_0.gpio_mode"/>
      <configSetting altId="p18_1.poeg1.gtetrgb" configurationId="p18_1"/>
      <configSetting altId="p18_1.gpio_mode.gpio_mode_peripheral" configurationId="p18_1.gpio_mode"/>
      <configSetting altId="p6_1.canfd0.can0_tx" configurationId="p6_1"/>
      <configSetting altId="p6_1.gpio_mode.gpio_mode_peripheral" configurationId="p6_1.gpio_mode"/>
      <configSetting altId="p6_2.canfd0.can0_rx" configurationId="p6_2"/>
      <configSetting altId="p6_2.gpio_mode.gpio_mode_peripheral" configurationId="p6_2.gpio_mode"/>
      <configSetting altId="p6_3.scif0.scif0_rxd" configurationId="p6_3"/>
      <configSetting altId="p6_3.gpio_mode.gpio_mode_peripheral" configurationId="p6_3.gpio_mode"/>
      <configSetting altId="p6_4.scif0.scif0_txd" configurationId="p6_4"/>
      <configSetting altId="p6_4.gpio_mode.gpio_mode_peripheral" configurationId="p6_4.gpio_mode"/>
      <configSetting altId="poeg1.gtetrgb.p18_1" configurationId="poeg1.gtetrgb"/>
      <configSetting altId="poeg1.mode.custom.free" configurationId="poeg1.mode"/>
      <configSetting altId="riic0.mode.custom.free" configurationId="riic0.mode"/>
      <configSetting altId="riic0.riic0_scl.riic0_scl" configurationId="riic0.riic0_scl"/>
      <configSetting altId="riic0.riic0_sda.riic0_sda" configurationId="riic0.riic0_sda"/>
      <configSetting altId="riic0_scl.riic0.riic0_scl" configurationId="riic0_scl"/>
      <configSetting altId="riic0_sda.riic0.riic0_sda" configurationId="riic0_sda"/>
      <configSetting altId="riic1.mode.custom.free" configurationId="riic1.mode"/>
      <configSetting altId="riic1.riic1_scl.riic1_scl" configurationId="riic1.riic1_scl"/>
      <configSetting altId="riic1.riic1_sda.riic1_sda" configurationId="riic1.riic1_sda"/>
      <configSetting altId="riic1_scl.riic1.riic1_scl" configurationId="riic1_scl"/>
      <configSetting altId="riic1_sda.riic1.riic1_sda" configurationId="riic1_sda"/>
      <configSetting altId="rspi0.mode.custom.free" configurationId="rspi0.mode"/>
      <configSetting altId="rspi0.rspi0_ck.p15_0" configurationId="rspi0.rspi0_ck"/>
      <configSetting altId="rspi0.rspi0_miso.p15_2" configurationId="rspi0.rspi0_miso"/>
      <configSetting altId="rspi0.rspi0_mosi.p15_1" configurationId="rspi0.rspi0_mosi"/>
      <configSetting altId="rspi0.rspi0_ssl.p15_3" configurationId="rspi0.rspi0_ssl"/>
      <configSetting altId="rspi3.mode.custom.free" configurationId="rspi3.mode"/>
      <configSetting altId="rspi3.rspi3_ck.p13_4" configurationId="rspi3.rspi3_ck"/>
      <configSetting altId="scif0.mode.custom.free" configurationId="scif0.mode"/>
      <configSetting altId="scif0.scif0_rxd.p6_3" configurationId="scif0.scif0_rxd"/>
      <configSetting altId="scif0.scif0_txd.p6_4" configurationId="scif0.scif0_txd"/>
      <configSetting altId="scif1.mode.custom.free" configurationId="scif1.mode"/>
      <configSetting altId="scif1.scif1_rxd.p14_1" configurationId="scif1.scif1_rxd"/>
      <configSetting altId="scif1.scif1_txd.p14_0" configurationId="scif1.scif1_txd"/>
      <configSetting altId="wdt.mode.custom.free" configurationId="wdt.mode"/>
      <configSetting altId="wdt.wdtovf_perrout.wdtovf_perrout" configurationId="wdt.wdtovf_perrout"/>
      <configSetting altId="wdtovf_perrout.wdt.wdtovf_perrout" configurationId="wdtovf_perrout"/>
      <lockSetting id="scif1.scif1_rxd" lock="true"/>
      <lockSetting id="scif1.scif1_txd" lock="true"/>
    </pincfg>
    <pincfg active="false" name="R9A08G045S33GBG_CM33.pincfg" selected="false" symbol=""/>
    <pincfg active="false" name="R9A08G045S33GBG.pincfg" selected="false" symbol=""/>
  </raPinConfiguration>
</raConfiguration>
