<?xml version="1.0" encoding="UTF-8" standalone="no"?>
<raConfiguration version="9">
  <generalSettings>
    <option key="#Board#" value="board.rzg2ul_smarc"/>
    <option key="CPU" value="RZG2UL"/>
    <option key="#TargetName#" value="R9A07G043U12GBG_CM33"/>
    <option key="#TargetARCHITECTURE#" value="cortex-m33"/>
    <option key="#DeviceCommand#" value="R9A07G043U12GBG_CM33"/>
    <option key="#RTOS#" value="rtos.awsfreertos"/>
    <option key="#pinconfiguration#" value="R9A07G043U12GBG_CM33.pincfg"/>
    <option key="#FSPVersion#" value="2.0.1"/>
    <option key="#ConfigurationFragments#" value="Renesas##BSP##Board##rzg2ul_smarc##"/>
    <option key="#SELECTED_TOOLCHAIN#" value="gcc-arm-embedded"/>
    <option key="#ToolchainVersion#" value="10.3.1.20210824"/>
  </generalSettings>
  <raBspConfiguration>
    <config id="config.bsp.rzg2ul.R9A07G043U12GBG_CM33">
      <property id="config.bsp.part_number" value="config.bsp.part_number.value"/>
      <property id="config.bsp.rom_size_bytes" value="config.bsp.rom_size_bytes.value"/>
      <property id="config.bsp.ram_size_bytes" value="config.bsp.ram_size_bytes.value"/>
      <property id="config.bsp.package_style" value="config.bsp.package_style.value"/>
      <property id="config.bsp.package_pins" value="config.bsp.package_pins.value"/>
    </config>
    <config id="config.bsp.rzg2ul">
      <property id="config.bsp.series" value="config.bsp.series.value"/>
    </config>
    <config id="config.bsp.rzg2ul.fsp">
      <property id="config.bsp.fsp.mcu.adc_c.min_adc.sampling_time" value="6"/>
      <property id="config.bsp.fsp.mcu.adc_c.max_adc.sampling_time" value="2800"/>
      <property id="config.bsp.fsp.mcu.canfd.max_data_rate_hz" value="4"/>
      <property id="config.bsp.fsp.mcu.canfd.min_nominal_timeseg1" value="4"/>
      <property id="config.bsp.fsp.mcu.canfd.max_nominal_timeseg1" value="128"/>
      <property id="config.bsp.fsp.mcu.canfd.max_nominal_timeseg2" value="32"/>
      <property id="config.bsp.fsp.mcu.canfd.max_nominal_sync_jump_width" value="32"/>
      <property id="config.bsp.fsp.mcu.canfd.max_data_prescaler" value="256"/>
      <property id="config.bsp.fsp.mcu.canfd.max_data_timeseg1" value="16"/>
      <property id="config.bsp.fsp.mcu.canfd.max_data_timeseg2" value="8"/>
      <property id="config.bsp.fsp.mcu.canfd.max_data_sync_jump_width" value="8"/>
      <property id="config.bsp.fsp.mcu.canfd.afl_rules" value="128"/>
      <property id="config.bsp.fsp.mcu.canfd.afl_rules_each_chnl" value="64"/>
      <property id="config.bsp.fsp.mcu.spi.max_bitrate" value="25000000"/>
    </config>
    <config id="config.bsp.rz">
      <property id="config.bsp.common.secure_stack" value="0x200"/>
      <property id="config.bsp.common.main" value="0x200"/>
      <property id="config.bsp.common.heap" value="0"/>
      <property id="config.bsp.common.vcc" value="3300"/>
      <property id="config.bsp.common.checking" value="config.bsp.common.checking.disabled"/>
      <property id="config.bsp.common.assert" value="config.bsp.common.assert.none"/>
      <property id="config.bsp.common.error_log" value="config.bsp.common.error_log.none"/>
      <property id="config.bsp.common.pfs_protect" value="config.bsp.common.pfs_protect.enabled"/>
      <property id="config.bsp.common.c_runtime_init" value="config.bsp.common.c_runtime_init.enabled"/>
    </config>
  </raBspConfiguration>
  <raClockConfiguration>
    <node id="board.clock.osc.freq" mul="24000000" option="_edit"/>
    <node id="board.clock.iclk.freq" mul="1000000000" option="_edit"/>
    <node id="board.clock.i2clk.freq" mul="200000000" option="_edit"/>
    <node id="board.clock.s0clk.freq" mul="12000" option="_edit"/>
    <node id="board.clock.spi0clk.freq" mul="200000000" option="_edit"/>
    <node id="board.clock.spi1clk.freq" mul="100000000" option="_edit"/>
    <node id="board.clock.sd0clk.freq" mul="533000000" option="_edit"/>
    <node id="board.clock.sd1clk.freq" mul="533000000" option="_edit"/>
    <node id="board.clock.m0clk.freq" mul="200000000" option="_edit"/>
    <node id="board.clock.m2clk.freq" mul="266500000" option="_edit"/>
    <node id="board.clock.m3clk.freq" mul="3000000000" option="_edit"/>
    <node id="board.clock.hpclk.freq" mul="250000000" option="_edit"/>
    <node id="board.clock.tsuclk.freq" mul="80000000" option="_edit"/>
    <node id="board.clock.ztclk.freq" mul="100000000" option="_edit"/>
    <node id="board.clock.p0clk.freq" mul="100000000" option="_edit"/>
    <node id="board.clock.p1clk.freq" mul="200000000" option="_edit"/>
    <node id="board.clock.p2clk.freq" mul="100000000" option="_edit"/>
    <node id="board.clock.atclk.freq" mul="400000000" option="_edit"/>
  </raClockConfiguration>
  <raComponentSelection>
    <component apiversion="" class="BSP" condition="" group="Board" subgroup="rzg2ul_smarc" variant="" vendor="Renesas" version="2.0.1">
      <description>Evaluation Kit RZ/G2L Support Files (RZ/G2UL)</description>
      <originalPack>Renesas.RZG_board_rzg2ul_smarc.2.0.1.pack</originalPack>
    </component>
    <component apiversion="" class="BSP" condition="" group="rzg2ul" subgroup="device" variant="R9A07G043U12GBG_CM33" vendor="Renesas" version="2.0.1">
      <description>Board support package for R9A07G043U12GBG_CM33</description>
      <originalPack>Renesas.RZG_mcu_rzg2ul.2.0.1.pack</originalPack>
    </component>
    <component apiversion="" class="BSP" condition="" group="rzg2ul" subgroup="device" variant="" vendor="Renesas" version="2.0.1">
      <description>Board support package for RZG2UL</description>
      <originalPack>Renesas.RZG_mcu_rzg2ul.2.0.1.pack</originalPack>
    </component>
    <component apiversion="" class="BSP" condition="" group="rzg2ul" subgroup="fsp" variant="" vendor="Renesas" version="2.0.1">
      <description>Board support package for RZ/G2L (RZ/G2UL) - FSP Data</description>
      <originalPack>Renesas.RZG_mcu_rzg2ul.2.0.1.pack</originalPack>
    </component>
    <component apiversion="" class="Middleware" condition="" group="OpenAMP" subgroup="all" variant="" vendor="Linaro" version="1.0.0+fsp.2.0.1">
      <description>OpenAMP</description>
      <originalPack>Linaro.OpenAMP.1.0.0+fsp.2.0.1.pack</originalPack>
    </component>
    <component apiversion="" class="Middleware" condition="" group="OpenAMP" subgroup="libmetal" variant="" vendor="Linaro" version="1.0.0+fsp.2.0.1">
      <description>libmetal</description>
      <originalPack>Linaro.OpenAMP.1.0.0+fsp.2.0.1.pack</originalPack>
    </component>
    <component apiversion="" class="Middleware" condition="" group="OpenAMP" subgroup="open-amp" variant="" vendor="Linaro" version="1.0.0+fsp.2.0.1">
      <description>open-amp</description>
      <originalPack>Linaro.OpenAMP.1.0.0+fsp.2.0.1.pack</originalPack>
    </component>
    <component apiversion="" class="RTOS" condition="" group="FreeRTOS" subgroup="all" variant="" vendor="AWS" version="10.4.6+fsp.2.0.1">
      <description>FreeRTOS</description>
      <originalPack>Amazon.FreeRTOS-Kernel.10.4.6+fsp.2.0.1.pack</originalPack>
    </component>
    <component apiversion="" class="Heaps" condition="" group="FreeRTOS" subgroup="heap_4" variant="" vendor="AWS" version="10.4.6+fsp.2.0.1">
      <description>FreeRTOS - Memory Management - Heap 4</description>
      <originalPack>Amazon.FreeRTOS-Kernel.10.4.6+fsp.2.0.1.pack</originalPack>
    </component>
    <component apiversion="" class="Middleware" condition="" group="all" subgroup="rm_freertos_port" variant="" vendor="Renesas" version="2.0.1">
      <description>FreeRTOS Port</description>
      <originalPack>Renesas.RZG.2.0.1.pack</originalPack>
    </component>
    <component apiversion="" class="Common" condition="" group="all" subgroup="fsp_common" variant="" vendor="Renesas" version="2.0.1">
      <description>Board Support Package Common Files</description>
      <originalPack>Renesas.RZG.2.0.1.pack</originalPack>
    </component>
    <component apiversion="" class="HAL Drivers" condition="" group="all" subgroup="r_gtm" variant="" vendor="Renesas" version="2.0.1">
      <description>General Timer</description>
      <originalPack>Renesas.RZG.2.0.1.pack</originalPack>
    </component>
    <component apiversion="" class="HAL Drivers" condition="" group="all" subgroup="r_ioport" variant="" vendor="Renesas" version="2.0.1">
      <description>I/O Port</description>
      <originalPack>Renesas.RZG.2.0.1.pack</originalPack>
    </component>
    <component apiversion="" class="HAL Drivers" condition="" group="all" subgroup="r_mhu_ns" variant="" vendor="Renesas" version="2.0.1">
      <description>Message Handler Unit (NonSecure)</description>
      <originalPack>Renesas.RZG.2.0.1.pack</originalPack>
    </component>
    <component apiversion="" class="HAL Drivers" condition="" group="all" subgroup="r_scif_uart" variant="" vendor="Renesas" version="2.0.1">
      <description>SCIF UART</description>
      <originalPack>Renesas.RZG.2.0.1.pack</originalPack>
    </component>
    <component apiversion="" class="CMSIS" condition="" group="CMSIS5" subgroup="CoreM" variant="" vendor="Arm" version="5.9.0+fsp.2.0.1">
      <description>Arm CMSIS Version 5 - Core (M)</description>
      <originalPack>Arm.CMSIS5.5.9.0+fsp.2.0.1.pack</originalPack>
    </component>
  </raComponentSelection>
  <raElcConfiguration/>
  <raIcuConfiguration/>
  <raModuleConfiguration>
    <module id="module.driver.ioport_on_ioport.0">
      <property id="module.driver.ioport.name" value="g_ioport"/>
      <property id="module.driver.ioport.pincfg" value="g_bsp_pin_cfg"/>
    </module>
    <module id="module.driver.timer_on_gtm.2">
      <property id="module.driver.timer.name" value="g_timer2"/>
      <property id="module.driver.timer.channel" value="enum.mcu.gtm.channels.2"/>
      <property id="module.driver.timer.mode" value="module.driver.timer.mode.mode_periodic"/>
      <property id="module.driver.timer.period" value="1000"/>
      <property id="module.driver.timer.unit" value="module.driver.timer.unit.unit_frequency_hz"/>
      <property id="module.driver.timer.count_source" value="module.driver.timer.count_source.clock_p0clk"/>
      <property id="module.driver.timer.p_callback" value="NULL"/>
      <property id="module.driver.timer.ipl" value="255"/>
      <property id="module.driver.timer.int.generateatstart" value="module.driver.timer.int.generateatstart.0"/>
      <property id="module.driver.timer.direction" value="module.driver.timer.direction.0"/>
    </module>
    <module id="module.freertos.heap.4.4"/>
    <module id="module.middleware.rm_freertos_port.0"/>
    <module id="module.driver.mhu_ns.1921636645">
      <property id="module.driver.mhu_ns.name" value="g_mhu_ns0"/>
      <property id="module.driver.mhu_ns.channel" value="enum.mcu.mhu.channels.1"/>
      <property id="module.driver.mhu_ns.p_callback" value="NULL"/>
      <property id="module.driver.mhu_ns.is_use_openamp" value="module.driver.mhu_ns.is_use_openamp.1"/>
      <property id="module.driver.mhu_ns.ipl" value="12"/>
      <property id="module.driver.mhu_ns.shmem" value="0"/>
    </module>
    <module id="module.driver.uart_on_scif_uart.580040235">
      <property id="module.driver.uart.name" value="g_uart0"/>
      <property id="module.driver.uart.channel" value="0"/>
      <property id="module.driver.uart.data_bits" value="module.driver.uart.data_bits.data_bits_8"/>
      <property id="module.driver.uart.parity" value="module.driver.uart.parity.parity_off"/>
      <property id="module.driver.uart.stop_bits" value="module.driver.uart.stop_bits.stop_bits_1"/>
      <property id="module.driver.uart.baud" value="115200"/>
      <property id="module.driver.uart.baudrate_modulation" value="module.driver.uart.baudrate_modulation.disabled"/>
      <property id="module.driver.uart.baudrate_max_err" value="5"/>
      <property id="module.driver.uart.uart_comm_mode" value="module.driver.uart.uart_comm_mode.uart_rs232_mode"/>
      <property id="module.driver.uart.pin_polarity" value="module.driver.uart.pin_polarity.high"/>
      <property id="module.driver.uart.pin_control_port" value="module.driver.uart.pin_control_port.PORT_DISABLE"/>
      <property id="module.driver.uart.pin_control_pin" value="module.driver.uart.pin_control_pin.PIN_DISABLE"/>
      <property id="module.driver.uart.autoflow" value="module.driver.uart.autoflow.disable"/>
      <property id="module.driver.uart.clk_src" value="module.driver.uart.clk_src.int_clk"/>
      <property id="module.driver.uart.noisecancel_en" value="module.driver.uart.noisecancel_en.disabled"/>
      <property id="module.driver.uart.rx_fifo_trigger" value="module.driver.uart.rx_fifo_trigger.max"/>
      <property id="module.driver.uart.rts_fifo_trigger" value="module.driver.uart.rts_fifo_trigger.14"/>
      <property id="module.driver.uart.callback" value="NULL"/>
      <property id="module.driver.uart.eri_ipl" value="14"/>
      <property id="module.driver.uart.bri_ipl" value="14"/>
      <property id="module.driver.uart.rxi_ipl" value="14"/>
      <property id="module.driver.uart.txi_ipl" value="14"/>
    </module>
    <module id="module.driver.openamp.2090365989"/>
    <module id="module.driver.openamp.open-amp.419535215"/>
    <module id="module.driver.openamp.libmetal.1571366027"/>
    <context id="_hal.0">
      <stack module="module.driver.ioport_on_ioport.0"/>
      <stack module="module.middleware.rm_freertos_port.0">
        <stack module="module.driver.timer_on_gtm.2" requires="module.middleware.rm_freertos_port.requires.gtm.ticker"/>
      </stack>
      <stack module="module.freertos.heap.4.4"/>
      <stack module="module.driver.mhu_ns.1921636645"/>
      <stack module="module.driver.uart_on_scif_uart.580040235"/>
      <stack module="module.driver.openamp.2090365989">
        <stack module="module.driver.openamp.open-amp.419535215" requires="module.driver.openamp.requires.open-amp"/>
        <stack module="module.driver.openamp.libmetal.1571366027" requires="module.driver.openamp.requires.libmetal"/>
      </stack>
    </context>
    <context id="rtos.awsfreertos.thread.0">
      <property id="_symbol" value="blinky_thread"/>
      <property id="rtos.awsfreertos.thread.name" value="Blinky Thread"/>
      <property id="rtos.awsfreertos.thread.stack" value="512"/>
      <property id="rtos.awsfreertos.thread.priority" value="1"/>
      <property id="rtos.awsfreertos.thread.context" value="NULL"/>
      <property id="rtos.awsfreertos.thread.allocation" value="rtos.awsfreertos.thread.allocation.dynamic"/>
      <property id="rtos.awsfreertos.thread.secure_context" value="rtos.awsfreertos.thread.secure_context.enable"/>
    </context>
    <context id="rtos.awsfreertos.thread.350222811">
      <property id="_symbol" value="MainTask"/>
      <property id="rtos.awsfreertos.thread.name" value="MainTask#0"/>
      <property id="rtos.awsfreertos.thread.stack" value="4096"/>
      <property id="rtos.awsfreertos.thread.priority" value="1"/>
      <property id="rtos.awsfreertos.thread.context" value="0"/>
      <property id="rtos.awsfreertos.thread.allocation" value="rtos.awsfreertos.thread.allocation.dynamic"/>
      <property id="rtos.awsfreertos.thread.secure_context" value="rtos.awsfreertos.thread.secure_context.enable"/>
    </context>
    <config id="config.driver.gtm">
      <property id="config.driver.gtm.param_checking_enable" value="config.driver.gtm.param_checking_enable.bsp"/>
    </config>
    <config id="config.driver.scif_uart">
      <property id="config.driver.scif_uart.param_checking_enable" value="config.driver.scif_uart.param_checking_enable.bsp"/>
      <property id="config.driver.scif_uart.dmac_enable" value="config.driver.scif_uart.dmac_enable.disabled"/>
      <property id="config.driver.scif_uart.flow_control" value="config.driver.scif_uart.flow_control.disabled"/>
    </config>
    <config id="config.driver.mhu_ns">
      <property id="config.driver.mhu_ns.param_checking_enable" value="config.driver.mhu_ns.param_checking_enable.bsp"/>
    </config>
    <config id="config.awsfreertos.thread">
      <property id="config.awsfreertos.custom_freertosconfig" value=""/>
      <property id="config.awsfreertos.thread.configenable_mpu" value="config.awsfreertos.thread.configenable_mpu.disabled"/>
      <property id="config.awsfreertos.thread.configenable_trustzone" value="config.awsfreertos.thread.configenable_trustzone.disabled"/>
      <property id="config.awsfreertos.thread.configuse_preemption" value="config.awsfreertos.thread.configuse_preemption.enabled"/>
      <property id="config.awsfreertos.thread.configuse_port_optimised_task_selection" value="config.awsfreertos.thread.configuse_port_optimised_task_selection.disabled"/>
      <property id="config.awsfreertos.thread.configuse_tickless_idle" value="config.awsfreertos.thread.configuse_tickless_idle.disabled"/>
      <property id="config.awsfreertos.thread.configuse_idle_hook" value="config.awsfreertos.thread.configuse_idle_hook.enabled"/>
      <property id="config.awsfreertos.thread.configuse_malloc_failed_hook" value="config.awsfreertos.thread.configuse_malloc_failed_hook.disabled"/>
      <property id="config.awsfreertos.thread.configuse_daemon_task_startup_hook" value="config.awsfreertos.thread.configuse_daemon_task_startup_hook.disabled"/>
      <property id="config.awsfreertos.thread.configuse_tick_hook" value="config.awsfreertos.thread.configuse_tick_hook.disabled"/>
      <property id="config.awsfreertos.thread.configcpu_clock_hz" value="SystemCoreClock"/>
      <property id="config.awsfreertos.thread.configtick_rate_hz" value="1000"/>
      <property id="config.awsfreertos.thread.configmax_priorities" value="5"/>
      <property id="config.awsfreertos.thread.configminimal_stack_size" value="128"/>
      <property id="config.awsfreertos.thread.configmax_task_name_len" value="16"/>
      <property id="config.awsfreertos.thread.configuse_trace_facility" value="config.awsfreertos.thread.configuse_trace_facility.disabled"/>
      <property id="config.awsfreertos.thread.configuse_stats_formatting_functions" value="config.awsfreertos.thread.configuse_stats_formatting_functions.disabled"/>
      <property id="config.awsfreertos.thread.configuse_16_bit_ticks" value="config.awsfreertos.thread.configuse_16_bit_ticks.disabled"/>
      <property id="config.awsfreertos.thread.configidle_should_yield" value="config.awsfreertos.thread.configidle_should_yield.enabled"/>
      <property id="config.awsfreertos.thread.configuse_task_notifications" value="config.awsfreertos.thread.configuse_task_notifications.enabled"/>
      <property id="config.awsfreertos.thread.configuse_mutexes" value="config.awsfreertos.thread.configuse_mutexes.disabled"/>
      <property id="config.awsfreertos.thread.configuse_recursive_mutexes" value="config.awsfreertos.thread.configuse_recursive_mutexes.disabled"/>
      <property id="config.awsfreertos.thread.configuse_counting_semaphores" value="config.awsfreertos.thread.configuse_counting_semaphores.enabled"/>
      <property id="config.awsfreertos.thread.configcheck_for_stack_overflow" value="config.awsfreertos.thread.configcheck_for_stack_overflow.disabled"/>
      <property id="config.awsfreertos.thread.configqueue_registry_size" value="10"/>
      <property id="config.awsfreertos.thread.configuse_queue_sets" value="config.awsfreertos.thread.configuse_queue_sets.disabled"/>
      <property id="config.awsfreertos.thread.configuse_time_slicing" value="config.awsfreertos.thread.configuse_time_slicing.disabled"/>
      <property id="config.awsfreertos.thread.configuse_newlib_reentrant" value="config.awsfreertos.thread.configuse_newlib_reentrant.disabled"/>
      <property id="config.awsfreertos.thread.configenable_backward_compatibility" value="config.awsfreertos.thread.configenable_backward_compatibility.disabled"/>
      <property id="config.awsfreertos.thread.confignum_thread_local_storage_pointers" value="5"/>
      <property id="config.awsfreertos.thread.configstack_depth_type" value="uint32_t"/>
      <property id="config.awsfreertos.thread.configmessage_buffer_length_type" value="size_t"/>
      <property id="config.awsfreertos.thread.configsupport_static_allocation" value="config.awsfreertos.thread.configsupport_static_allocation.enabled"/>
      <property id="config.awsfreertos.thread.configsupport_dynamic_allocation" value="config.awsfreertos.thread.configsupport_dynamic_allocation.enabled"/>
      <property id="config.awsfreertos.thread.configtotal_heap_size" value="40960"/>
      <property id="config.awsfreertos.thread.configapplication_allocated_heap" value="config.awsfreertos.thread.configapplication_allocated_heap.enabled"/>
      <property id="config.awsfreertos.thread.configgenerate_run_time_stats" value="config.awsfreertos.thread.configgenerate_run_time_stats.disabled"/>
      <property id="config.awsfreertos.thread.configuse_timers" value="config.awsfreertos.thread.configuse_timers.enabled"/>
      <property id="config.awsfreertos.thread.configtimer_task_priority" value="3"/>
      <property id="config.awsfreertos.thread.configtimer_queue_length" value="10"/>
      <property id="config.awsfreertos.thread.configtimer_task_stack_depth" value="128"/>
      <property id="config.awsfreertos.thread.configlibrary_max_syscall_interrupt_priority" value="board.icu.common.irq.priority1"/>
      <property id="config.awsfreertos.thread.configassert" value="assert(x)"/>
      <property id="config.awsfreertos.thread.configinclude_application_defined_privileged_functions" value="config.awsfreertos.thread.configinclude_application_defined_privileged_functions.disabled"/>
      <property id="config.awsfreertos.thread.include_vtaskpriorityset" value="config.awsfreertos.thread.include_vtaskpriorityset.enabled"/>
      <property id="config.awsfreertos.thread.include_uxtaskpriorityget" value="config.awsfreertos.thread.include_uxtaskpriorityget.enabled"/>
      <property id="config.awsfreertos.thread.include_vtaskdelete" value="config.awsfreertos.thread.include_vtaskdelete.enabled"/>
      <property id="config.awsfreertos.thread.include_vtasksuspend" value="config.awsfreertos.thread.include_vtasksuspend.enabled"/>
      <property id="config.awsfreertos.thread.include_xresumefromisr" value="config.awsfreertos.thread.include_xresumefromisr.enabled"/>
      <property id="config.awsfreertos.thread.include_vtaskdelayuntil" value="config.awsfreertos.thread.include_vtaskdelayuntil.enabled"/>
      <property id="config.awsfreertos.thread.include_vtaskdelay" value="config.awsfreertos.thread.include_vtaskdelay.enabled"/>
      <property id="config.awsfreertos.thread.include_xtaskgetschedulerstate" value="config.awsfreertos.thread.include_xtaskgetschedulerstate.enabled"/>
      <property id="config.awsfreertos.thread.include_xtaskgetcurrenttaskhandle" value="config.awsfreertos.thread.include_xtaskgetcurrenttaskhandle.enabled"/>
      <property id="config.awsfreertos.thread.include_uxtaskgetstackhighwatermark" value="config.awsfreertos.thread.include_uxtaskgetstackhighwatermark.disabled"/>
      <property id="config.awsfreertos.thread.include_xtaskgetidletaskhandle" value="config.awsfreertos.thread.include_xtaskgetidletaskhandle.disabled"/>
      <property id="config.awsfreertos.thread.include_etaskgetstate" value="config.awsfreertos.thread.include_etaskgetstate.disabled"/>
      <property id="config.awsfreertos.thread.include_xeventgroupsetbitfromisr" value="config.awsfreertos.thread.include_xeventgroupsetbitfromisr.enabled"/>
      <property id="config.awsfreertos.thread.include_xtimerpendfunctioncall" value="config.awsfreertos.thread.include_xtimerpendfunctioncall.disabled"/>
      <property id="config.awsfreertos.thread.include_xtaskabortdelay" value="config.awsfreertos.thread.include_xtaskabortdelay.disabled"/>
      <property id="config.awsfreertos.thread.include_xtaskgethandle" value="config.awsfreertos.thread.include_xtaskgethandle.disabled"/>
      <property id="config.awsfreertos.thread.include_xtaskresumefromisr" value="config.awsfreertos.thread.include_xtaskresumefromisr.enabled"/>
      <property id="config.awsfreertos.thread.print_function" value=""/>
      <property id="config.awsfreertos.thread.max_length" value="192"/>
      <property id="config.awsfreertos.thread.include_time_and_task" value="config.awsfreertos.thread.include_time_and_task.disabled"/>
    </config>
    <config id="config.driver.ioport">
      <property id="config.driver.ioport.checking" value="config.driver.ioport.checking.system"/>
    </config>
  </raModuleConfiguration>
  <raPinConfiguration>
    <pincfg active="true" name="RZG2UL-SMARC.pincfg" selected="true" symbol="g_bsp_pin_cfg"/>
    <pincfg active="false" name="R9A07G043U12GBG_CM33.pincfg" selected="false" symbol=""/>
  </raPinConfiguration>
</raConfiguration>
